Field Name,Definition
Commodity Code,Code of the commodity or industry from the BEA Make and Use Tables 2012 categorization. 'Detail' and 'summary' are two levels of detail BEA publishes economic input-output accounts data at. 'Detail' level is the most resolved categorization and includes 405 commodity or industry sectors. 'Summary' level is a categorization with medium resolution and includes 73 commodity and 71 industry sectors.
Commodity Name,"Name of the commodity or industry from the BEA Make and Use Tables 2012 categorization, except detail commodities, which use USEEIO v1.1 names, see Ingwersen and Yang 2017)"
Substance,"Greenhouse gas: 'carbon dioxide' is CO2; 'methane' is CH4; 'nitrous oxide' is N2O; and 'other GHGs' include HFC-23, HFC-32, HFC-125, HFC-134a, HFC-143a, HFC-236fa, CF4, C2F6, C3F8, C4F8, SF6, and NF3"
Unit,"Unit of emission factors for each gas. 'Other GHGs' are aggregated and reported in CO2e (carbon dioxide equivalents) using the IPCC AR4 100-year GWP factors. Purchaser price is the price paid by the consumer and equals to the producer prices plus any associated margin, which generally include distribution, wholesale and retail costs."
Supply Chain Emission Factors without Margins,Direct and indirect GHG emissions associated with production of commodity or industry from cradle to the point of production(kg) per 2018 USD of that commodity or industry in the US in purchaser price .
Margins of Supply Chain Emission Factors,Direct and indirect GHG emissions associated with production of commodity or industry from the point of production to the point of sale (kg) per 2018 USD of that commodity or industry in the US in purchaser price of that commodity or industry in the US.
Supply Chain Emission Factors with Margins,Direct and indirect GHG emissions associated with production of commodity or industry from cradle to the point of sale(kg) per 2018 USD of that commodity or industry in purchaser price of that commodity or industry in the US.
DQ ReliabilityScore of Factors without Margins,"Data reliability scores for model results using USEPA 2016 Data quality assessment system, where 1 is the better quality and 5 the poorer quality"
DQ TemporalCorrelation of Factors without Margins,"Data technological correlation scores for model results using USEPA 2016 Data quality assessment system, where 1 is the better quality and 5 the poorer quality"
DQ GeographicalCorrelation of Factors without Margins,"Data collection scores for model results using USEPA 2016 Data quality assessment system, where 1 is the better quality and 5 the poorer quality"
DQ TechnologicalCorrelation of Factors without Margins,"Data geographical correlatoin scores for model results using USEPA 2016 Data quality assessment system, where 1 is the better quality and 5 the poorer quality"
DQ DataCollection of Factors without Margins,"Data temporal correlation scores for model results using USEPA 2016 Data quality assessment system, where 1 is the better quality and 5 the poorer quality"
